gene_tag,essentiality_in_K12,KEGG_pathway,gene_name,eggnog_annotation
b0475,essential,Porphyrin and chlorophyll metabolism /Metabolic pathways /Biosynthesis of secondary metabolites,HEMH,Catalyzes the ferrous insertion into protoporphyrin IX (By similarity)
b1116,essential,ABC transporters,LOLC,Lipoprotein releasing system transmembrane protein
b0918,essential,Lipopolysaccharide biosynthesis /Metabolic pathways,KDSB,Activates KDO (a required 8-carbon sugar) for incorporation into bacterial lipopolysaccharide in Gram-negative bacteria (By similarity)
b2747,essential,Terpenoid backbone biosynthesis /Metabolic pathways /Biosynthesis of secondary metabolites /Biosynthesis of antibiotics,ISPD,Catalyzes the formation of 4-diphosphocytidyl-2-C- methyl-D-erythritol from CTP and 2-C-methyl-D-erythritol 4- phosphate (MEP) (By similarity)
b0631,non-essential,-,YBED,UPF0250 protein
b0086,essential,Lysine biosynthesis /Peptidoglycan biosynthesis /Metabolic pathways /Vancomycin resistance,MURF,"Involved in cell wall formation. Catalyzes the final step in the synthesis of UDP-N-acetylmuramoyl-pentapeptide, the precursor of murein (By similarity)"
b3843,essential,Ubiquinone and other terpenoid-quinone biosynthesis /Metabolic pathways /Biosynthesis of secondary metabolites,UBID,Catalyzes the decarboxylation of 3-octaprenyl-4-hydroxy benzoate to 2-octaprenylphenol (By similarity)
b1099,essential,Purine metabolism /Pyrimidine metabolism /Metabolic pathways /DNA replication /Mismatch repair /Homologous recombination,HOLB,dna polymerase iii
b0085,essential,Lysine biosynthesis /Peptidoglycan biosynthesis,MURE,Catalyzes the addition of meso-diaminopimelic acid to the nucleotide precursor UDP-N-acetylmuramoyl-L-alanyl-D-glutamate (UMAG) in the biosynthesis of bacterial cell-wall peptidoglycan (By similarity)
b0417,essential,Thiamine metabolism /Metabolic pathways,THIL,"Catalyzes the ATP-dependent phosphorylation of thiamine- monophosphate (TMP) to form thiamine-pyrophosphate (TPP), the active form of vitamin B1 (By similarity)"
b0084,essential,Peptidoglycan biosynthesis /beta-Lactam resistance,FTSI,peptidoglycan synthetase ftsI
b4226,essential,Oxidative phosphorylation,PPA,pyrophosphate phospho-hydrolase
b3030,essential,-,PARE,"DNA topoisomerase IV, subunit B"
b3783,essential,RNA degradation,RHO,"Facilitates transcription termination by a mechanism that involves Rho binding to the nascent RNA, activation of Rho's RNA-dependent ATPase activity, and release of the mRNA from the DNA template (By similarity)"
b0524,essential,Lipopolysaccharide biosynthesis /Metabolic pathways,LPXH,"Catalyzes the hydrolysis of the pyrophosphate bond of UDP-2,3-diacylglucosamine to yield 2,3-diacylglucosamine 1- phosphate (lipid X) and UMP (By similarity)"
b0091,essential,D-Glutamine and D-glutamate metabolism /Peptidoglycan biosynthesis /Metabolic pathways,MURC,Cell wall formation (By similarity)
b0027,essential,Protein export,LSPA,This protein specifically catalyzes the removal of signal peptides from prolipoproteins (By similarity)
b0415,essential,Riboflavin metabolism /Metabolic pathways /Biosynthesis of secondary metabolites,RIBH,"Catalyzes the formation of 6,7-dimethyl-8- ribityllumazine by condensation of 5-amino-6-(D- ribitylamino)uracil with 3,4-dihydroxy-2-butanone 4-phosphate. This is the penultimate step in the biosynthesis of riboflavin (By similarity)"
b3704,essential,-,RNPA,RNaseP catalyzes the removal of the 5'-leader sequence from pre-tRNA to produce the mature 5'-terminus. It can also cleave other RNA substrates such as 4.5S RNA. The protein component plays an auxiliary but essential role in vivo by binding to the 5'-leader sequence and broadening the substrate specificity of the ribozyme (By similarity)
b1207,essential,Pentose phosphate pathway /Purine metabolism /Metabolic pathways /Biosynthesis of secondary metabolites /Microbial metabolism in diverse environments /Biosynthesis of antibiotics /Carbon metabolism /Biosynthesis of amino acids,PRS,Phosphoribosyl pyrophosphate synthase
b4258,essential,Aminoacyl-tRNA biosynthesis,VALS,"amino acids such as threonine, to avoid such errors, it has a posttransfer editing activity that hydrolyzes mischarged Thr-tRNA(Val) in a tRNA-dependent manner (By similarity)"
b0089,essential,-,FTSW,Essential cell division protein. Transports lipid-linked peptidoglycan precursors from the inner to the outer leaflet of the cytoplasmic membrane (By similarity)
b3702,essential,Two-component system,DNAA,it binds specifically double-stranded DNA at a 9 bp consensus (dnaA box) 5'-TTATC CA A CA A-3'. DnaA binds to ATP and to acidic phospholipids (By similarity)
b4202,essential,Ribosome,RPSR,"Binds as a heterodimer with protein S6 to the central domain of the 16S rRNA, where it helps stabilize the platform of the 30S subunit (By similarity)"
b0171,essential,Pyrimidine metabolism /Metabolic pathways,PYRH,Catalyzes the reversible phosphorylation of UMP to UDP (By similarity)
b2511,essential,-,DER,GTPase that plays an essential role in the late steps of ribosome biogenesis (By similarity)
b3200,essential,-,LPTA,lipopolysaccharide transport periplasmic protein lptA
b0914,essential,ABC transporters,MSBA,Involved in lipid A export and possibly also in glycerophospholipid export and for biogenesis of the outer membrane. Transmembrane domains (TMD) form a pore in the inner membrane and the ATP-binding domain (NBD) is responsible for energy generation (By similarity)
b0031,non-essential,Monobactam biosynthesis /Lysine biosynthesis /Metabolic pathways /Biosynthesis of secondary metabolites /Microbial metabolism in diverse environments /Biosynthesis of antibiotics /Biosynthesis of amino acids,DAPB,Catalyzes the conversion of 4-hydroxy- tetrahydrodipicolinate (HTPA) to tetrahydrodipicolinate (By similarity)
b3018,essential,Glycerolipid metabolism /Glycerophospholipid metabolism /Metabolic pathways /Biosynthesis of secondary metabolites,PLSC,1-acyl-sn-glycerol-3-phosphate acyltransferase
b2400,essential,Porphyrin and chlorophyll metabolism /Aminoacyl-tRNA biosynthesis /Metabolic pathways /Biosynthesis of secondary metabolites,GLTX,Catalyzes the attachment of glutamate to tRNA(Glu) in a two-step reaction glutamate is first activated by ATP to form Glu-AMP and then transferred to the acceptor end of tRNA(Glu) (By similarity)
b1092,essential,Fatty acid biosynthesis /Metabolic pathways /Fatty acid metabolism,FABD,malonyl CoA-acyl carrier protein transacylase
b0181,essential,Lipopolysaccharide biosynthesis /Metabolic pathways /Cationic antimicrobial peptide (CAMP) resistance,LPXA,"Involved in the biosynthesis of lipid A, a phosphorylated glycolipid that anchors the lipopolysaccharide to the outer membrane of the cell (By similarity)"
b0172,essential,-,FRR,Responsible for the release of ribosomes from messenger RNA at the termination of protein biosynthesis. May increase the efficiency of translation by recycling ribosomes from one round of translation to another (By similarity)
b1131,essential,"Purine metabolism /Alanine, aspartate and glutamate metabolism /Metabolic pathways /Biosynthesis of secondary metabolites /Biosynthesis of antibiotics",PURB,adenylosuccinate lyase
b3256,essential,Fatty acid biosynthesis /Pyruvate metabolism /Propanoate metabolism /Metabolic pathways /Biosynthesis of secondary metabolites /Microbial metabolism in diverse environments /Biosynthesis of antibiotics /Carbon metabolism /Fatty acid metabolism,ACCC,acetyl-CoA carboxylase biotin carboxylase
b3313,essential,Ribosome,RPLP,Binds 23S rRNA and is also seen to make contacts with the A and possibly P site tRNAs (By similarity)
b3318,essential,Ribosome,RPLW,One of the early assembly proteins it binds 23S rRNA. One of the proteins that surrounds the polypeptide exit tunnel on the outside of the ribosome. Forms the main docking site for trigger factor binding to the ribosome (By similarity)
b4168,essential,-,YJEE,UPF0079 ATP-binding protein
b2697,essential,Aminoacyl-tRNA biosynthesis,ALAS,Catalyzes the attachment of alanine to tRNA(Ala) in a two-step reaction alanine is first activated by ATP to form Ala- AMP and then transferred to the acceptor end of tRNA(Ala). Also edits incorrectly charged Ser-tRNA(Ala) and Gly-tRNA(Ala) via its editing domain (By similarity)
b3560,essential,Aminoacyl-tRNA biosynthesis,GLYQ,"glycyl-tRNA synthetase, alpha subunit"
b3317,essential,Ribosome,RPLB,"One of the primary rRNA binding proteins. Required for association of the 30S and 50S subunits to form the 70S ribosome, for tRNA binding and peptide bond formation. It has been suggested to have peptidyltransferase activity"
b0014,non-essential,RNA degradation,DNAK,Acts as a chaperone (By similarity)
b3296,essential,Ribosome,RPSD,"One of the primary rRNA binding proteins, it binds directly to 16S rRNA where it nucleates assembly of the body of the 30S subunit (By similarity)"
b1215,essential,Lipopolysaccharide biosynthesis /Metabolic pathways,KDSA,Phospho-2-dehydro-3-deoxyoctonate aldolase
b1779,non-essential,Glycolysis / Gluconeogenesis /Metabolic pathways /Biosynthesis of secondary metabolites /Microbial metabolism in diverse environments /Biosynthesis of antibiotics /Carbon metabolism /Biosynthesis of amino acids,GAPA,Catalyzes the NAD-dependent conversion of D-erythrose 4- phosphate to 4-phosphoerythronate (By similarity)
b2606,essential,Ribosome,RPLS,This protein is located at the 30S-50S ribosomal subunit interface and may play a role in the structure and function of the aminoacyl-tRNA binding site (By similarity)
b0680,essential,Aminoacyl-tRNA biosynthesis /Metabolic pathways,GLNS,glutaminyl-tRNA synthetase
b2827,non-essential,Pyrimidine metabolism /One carbon pool by folate /Metabolic pathways,THYA,Provides the sole de novo source of dTMP for DNA biosynthesis (By similarity)
b2926,essential,Glycolysis / Gluconeogenesis /Metabolic pathways /Biosynthesis of secondary metabolites /Microbial metabolism in diverse environments /Biosynthesis of antibiotics /Carbon metabolism /Biosynthesis of amino acids,PGK,phosphoglycerate kinase
b4059,essential,DNA replication /Mismatch repair /Homologous recombination,SSB,single-stranded DNA-binding protein
b0421,essential,Terpenoid backbone biosynthesis /Metabolic pathways /Biosynthesis of secondary metabolites /Biosynthesis of antibiotics,ISPA,geranyltranstransferase
b0156,essential,-,ERPA,Required for insertion of 4Fe-4S clusters for at least IspG (By similarity)
b1093,essential,Fatty acid biosynthesis /Biotin metabolism /Biosynthesis of unsaturated fatty acids /Metabolic pathways /Fatty acid metabolism,FABG,reductase
b2780,essential,Pyrimidine metabolism /Metabolic pathways,PYRG,Catalyzes the ATP-dependent amination of UTP to CTP with either L-glutamine or ammonia as the source of nitrogen (By similarity)
b1208,essential,Terpenoid backbone biosynthesis /Metabolic pathways /Biosynthesis of secondary metabolites /Biosynthesis of antibiotics,ISPE,Catalyzes the phosphorylation of the position 2 hydroxy group of 4-diphosphocytidyl-2C-methyl-D-erythritol (By similarity)
b2610,essential,Quorum sensing /Protein export /Bacterial secretion system,FFH,"Involved in targeting and insertion of nascent membrane proteins into the cytoplasmic membrane. Binds to the hydrophobic signal sequence of the ribosome-nascent chain (RNC) as it emerges from the ribosomes. The SRP-RNC complex is then targeted to the cytoplasmic membrane where it interacts with the SRP receptor FtsY. Interaction with FtsY leads to the transfer of the RNC complex to the Sec translocase for insertion into the membrane, the hydrolysis of GTP by both Ffh and FtsY, and the dissociation of the SRP-FtsY complex into the individual components (By similarity)"
b3308,essential,Ribosome,RPLE,"This is 1 of the proteins that binds and probably mediates the attachment of the 5S RNA into the large ribosomal subunit, where it forms part of the central protuberance. In the 70S ribosome it contacts protein S13 of the 30S subunit (bridge B1b), connecting the 2 subunits"
b2412,essential,-,,"receptor for the septal ring structure, may anchor it to the inner-membrane (By similarity)"
b1866,essential,Aminoacyl-tRNA biosynthesis,ASPS,Aspartyl-tRNA synthetase
b3997,non-essential,Porphyrin and chlorophyll metabolism /Metabolic pathways /Biosynthesis of secondary metabolites,HEME,Catalyzes the decarboxylation of four acetate groups of uroporphyrinogen-III to yield coproporphyrinogen-III (By similarity)
b0048,essential,One carbon pool by folate /Folate biosynthesis /Metabolic pathways,FOLA,"Key enzyme in folate metabolism. Catalyzes an essential reaction for de novo glycine and purine synthesis, and for DNA precursor synthesis (By similarity)"
b2185,non-essential,Ribosome,RPLY,This is one of the proteins that binds to the 5S RNA in the ribosome where it forms part of the central protuberance (By similarity)
b0185,essential,Fatty acid biosynthesis /Pyruvate metabolism /Propanoate metabolism /Metabolic pathways /Biosynthesis of secondary metabolites /Microbial metabolism in diverse environments /Biosynthesis of antibiotics /Carbon metabolism /Fatty acid metabolism,ACCA,"Component of the acetyl coenzyme A carboxylase (ACC) complex. First, biotin carboxylase catalyzes the carboxylation of biotin on its carrier protein (BCCP) and then the CO(2) group is transferred by the carboxyltransferase to acetyl-CoA to form malonyl-CoA (By similarity)"
b3168,essential,-,INFB,One of the essential components for the initiation of protein synthesis. Protects formylmethionyl-tRNA from spontaneous hydrolysis and promotes its binding to the 30S ribosomal subunits. Also involved in the hydrolysis of GTP during the formation of the 70S ribosomal complex (By similarity)
b1719,essential,Aminoacyl-tRNA biosynthesis,THRS,threonyl-tRNA synthetase
b3633,essential,Lipopolysaccharide biosynthesis /Metabolic pathways,KDTA,3-Deoxy-D-manno-octulosonic-acid transferase
b2949,essential,-,YQGF,Could be a nuclease that resolves Holliday junction intermediates in genetic recombination (By similarity)
b4052,essential,DNA replication,DNAB,Replicative dna helicase
b0023,non-essential,Ribosome,RPST,Binds directly to 16S ribosomal RNA (By similarity)
b3319,essential,Ribosome,RPLD,"One of the primary rRNA binding proteins, this protein initially binds near the 5'-end of the 23S rRNA. It is important during the early stages of 50S assembly. It makes multiple contacts with different domains of the 23S rRNA in the assembled 50S subunit and ribosome (By similarity)"
b3805,essential,Porphyrin and chlorophyll metabolism /Metabolic pathways /Biosynthesis of secondary metabolites,HEMC,Tetrapolymerization of the monopyrrole PBG into the hydroxymethylbilane pre-uroporphyrinogen in several discrete steps (By similarity)
b1098,essential,Pyrimidine metabolism /Metabolic pathways,TMK,Phosphorylation of dTMP to form dTDP in both de novo and salvage pathways of dTTP synthesis (By similarity)
b3231,essential,Ribosome,RPLM,"This protein is one of the early assembly proteins of the 50S ribosomal subunit, although it is not seen to bind rRNA by itself. It is important during the early stages of 50S assembly (By similarity)"
b3310,essential,Ribosome,RPLN,Binds to 23S rRNA. Forms part of two intersubunit bridges in the 70S ribosome (By similarity)
b3640,essential,Pyrimidine metabolism /Metabolic pathways,DUT,"This enzyme is involved in nucleotide metabolism it produces dUMP, the immediate precursor of thymidine nucleotides and it decreases the intracellular concentration of dUTP so that uracil cannot be incorporated into DNA (By similarity)"
b3297,essential,Ribosome,RPSK,"Located on the platform of the 30S subunit, it bridges several disparate RNA helices of the 16S rRNA. Forms part of the Shine-Dalgarno cleft in the 70S ribosome (By similarity)"
b3986,essential,Ribosome,RPLL,Seems to be the binding site for several of the factors involved in protein synthesis and appears to be essential for accurate translation (By similarity)
b3985,essential,Ribosome,RPLJ,50S ribosomal protein L10
b3176,essential,Amino sugar and nucleotide sugar metabolism /Metabolic pathways /Biosynthesis of antibiotics,GLMM,Catalyzes the conversion of glucosamine-6-phosphate to glucosamine-1-phosphate (By similarity)
b3287,essential,-,DEF,Removes the formyl group from the N-terminal Met of newly synthesized proteins. Requires at least a dipeptide for an efficient rate of reaction. N-terminal L-methionine is a prerequisite for activity but the enzyme has broad specificity at other positions (By similarity)
b3316,essential,Ribosome,RPSS,Protein S19 forms a complex with S13 that binds strongly to the 16S ribosomal RNA (By similarity)
b0179,essential,Lipopolysaccharide biosynthesis /Metabolic pathways,LPXD,"as the acyl donor. Is involved in the biosynthesis of lipid A, a phosphorylated glycolipid that anchors the lipopolysaccharide to the outer membrane of the cell (By similarity)"
b0639,essential,Nicotinate and nicotinamide metabolism /Metabolic pathways,NADD,Catalyzes the reversible adenylation of nicotinate mononucleotide (NaMN) to nicotinic acid adenine dinucleotide (NaAD) (By similarity)
b3282,essential,-,RIMN,Required for the formation of a threonylcarbamoyl group on adenosine at position 37 (t(6)A37) in tRNAs that read codons beginning with adenine (By similarity)
b3307,essential,Ribosome,RPSN,"Binds 16S rRNA, required for the assembly of 30S particles and may also be responsible for determining the conformation of the 16S rRNA at the A site (By similarity)"
b0922,essential,-,MUKF,"Involved in chromosome condensation, segregation and cell cycle progression. May participate in facilitating chromosome segregation by condensation DNA from both sides of a centrally located replisome during cell division. Not required for mini-F plasmid partitioning. Probably acts via its interaction with MukB and MukE. Overexpression results in anucleate cells. It has a calcium binding activity (By similarity)"
b3185,essential,Ribosome,RPMA,50S ribosomal protein L27
b3249,essential,-,MRED,Rod shape-determining protein MreD
b3833,non-essential,Ubiquinone and other terpenoid-quinone biosynthesis /Metabolic pathways /Biosynthesis of secondary metabolites,UBIE,"Methyltransferase required for the conversion of demethylmenaquinone (DMKH2) to menaquinone (MKH2) and the conversion of 2-polyprenyl-6-methoxy-1,4-benzoquinol (DDMQH2) to 2-polyprenyl-3-methyl-6-methoxy-1,4-benzoquinol (DMQH2) (By similarity)"
b0168,essential,-,MAP,Removes the N-terminal methionine from nascent proteins (By similarity)
b0529,essential,One carbon pool by folate /Metabolic pathways /Microbial metabolism in diverse environments /Carbon metabolism,FOLD,"Catalyzes the oxidation of 5,10- methylenetetrahydrofolate to 5,10-methenyltetrahydrofolate and then the hydrolysis of 5,10-methenyltetrahydrofolate to 10- formyltetrahydrofolate (By similarity)"
b0640,essential,Purine metabolism /Pyrimidine metabolism /Metabolic pathways /DNA replication /Mismatch repair /Homologous recombination,HOLA,"DNA polymerase III, delta' subunit"
b3250,essential,-,MREC,Involved in formation and maintenance of cell shape (By similarity)
b4160,essential,Glycerophospholipid metabolism /Metabolic pathways /Biosynthesis of secondary metabolites,PSD,Phosphatidylserine decarboxylase proenzyme
b0098,essential,Quorum sensing /Protein export /Bacterial secretion system,SECA,"Part of the Sec protein translocase complex. Interacts with the SecYEG preprotein conducting channel. Has a central role in coupling the hydrolysis of ATP to the transfer of proteins into and across the cell membrane, serving both as a receptor for the preprotein-SecB complex and as an ATP-driven molecular motor driving the stepwise translocation of polypeptide chains across the membrane (By similarity)"
b0884,essential,-,INFA,"however, it seems to stimulate more or less all the activities of the other two initiation factors, IF-2 and IF-3 (By similarity)"
b2533,essential,Streptomycin biosynthesis /Inositol phosphate metabolism /Metabolic pathways,SUHB,inositol monophosphatase
b3056,essential,-,CCA,"Catalyzes the addition and repair of the essential 3'- terminal CCA sequence in tRNAs without using a nucleic acid template. Adds these three nucleotides in the order of C, C, and A to the tRNA nucleotide-73, using CTP and ATP as substrates and producing inorganic pyrophosphate. Also shows phosphatase, 2'- nucleotidase and 2',3'-cyclic phosphodiesterase activities. These phosphohydrolase activities are probably involved in the repair of the tRNA 3'-CCA terminus degraded by intracellular RNases (By similarity)"
b0915,essential,Lipopolysaccharide biosynthesis /Metabolic pathways,LPXK,"Transfers the gamma-phosphate of ATP to the 4'-position of a tetraacyldisaccharide 1-phosphate intermediate (termed DS-1- P) to form tetraacyldisaccharide 1,4'-bis-phosphate (lipid IVA) (By similarity)"
b3165,non-essential,Ribosome,RPSO,"One of the primary rRNA binding proteins, it binds directly to 16S rRNA where it helps nucleate assembly of the platform of the 30S subunit by binding and bridging several RNA helices of the 16S rRNA (By similarity)"
b1274,essential,-,TOPA,"Releases the supercoiling and torsional tension of DNA, which is introduced during the DNA replication and transcription, by transiently cleaving and rejoining one strand of the DNA duplex. Introduces a single-strand break via transesterification at a target site in duplex DNA. The scissile phosphodiester is attacked by the catalytic tyrosine of the enzyme, resulting in the formation of a DNA-(5'-phosphotyrosyl)-enzyme intermediate and the expulsion of a 3'-OH DNA strand. The free DNA strand then undergoes passage around the unbroken strand, thus removing DNA supercoils. Finally, in the religation step, the DNA 3'-OH attacks the covalent intermediate to expel the active-site tyrosine and restore the DNA phosphodiester backbone (By similarity)"
b4043,essential,-,LEXA,"Represses a number of genes involved in the response to DNA damage (SOS response), including recA and lexA. In the presence of single-stranded DNA, RecA interacts with LexA causing an autocatalytic cleavage which disrupts the DNA-binding part of LexA, leading to derepression of the SOS regulon and eventually DNA repair (By similarity)"
b1174,essential,-,MINE,Prevents the cell division inhibition by proteins MinC and MinD at internal division sites while permitting inhibition at polar sites. This ensures cell division at the proper site by restricting the formation of a division septum at the midpoint of the long axis of the cell (By similarity)
b3974,essential,Pantothenate and CoA biosynthesis /Metabolic pathways,COAA,Pantothenic acid kinase
b3981,essential,Quorum sensing /Protein export /Bacterial secretion system,SECE,preprotein translocase subunit SecE
b3178,essential,-,FTSH,"Acts as a processive, ATP-dependent zinc metallopeptidase for both cytoplasmic and membrane proteins. Plays a role in the quality control of integral membrane proteins (By similarity)"
b3312,essential,Ribosome,RPMC,50S ribosomal protein L29
b0054,essential,-,LPTD,involved in the assembly of LPS in the outer leaflet of the outer membrane. Determines N-hexane tolerance and is involved in outer membrane permeability. Essential for envelope biogenesis (By similarity)
b2746,essential,Terpenoid backbone biosynthesis /Metabolic pathways /Biosynthesis of secondary metabolites /Biosynthesis of antibiotics,ISPF,"Involved in the biosynthesis of isopentenyl diphosphate (IPP) and dimethylallyl diphosphate (DMAPP), two major building blocks of isoprenoid compounds. Catalyzes the conversion of 4- diphosphocytidyl-2-C-methyl-D-erythritol 2-phosphate (CDP-ME2P) to 2-C-methyl-D-erythritol 2,4-cyclodiphosphate (ME-CPP) with a corresponding release of cytidine 5-monophosphate (CMP) (By similarity)"
b1637,essential,Aminoacyl-tRNA biosynthesis,TYRS,Catalyzes the attachment of tyrosine to tRNA(Tyr) in a two-step reaction tyrosine is first activated by ATP to form Tyr- AMP and then transferred to the acceptor end of tRNA(Tyr) (By similarity)
b0088,essential,D-Glutamine and D-glutamate metabolism /Peptidoglycan biosynthesis /Metabolic pathways,MURD,Cell wall formation. Catalyzes the addition of glutamate to the nucleotide precursor UDP-N-acetylmuramoyl-L-alanine (UMA) (By similarity)
b3295,essential,Purine metabolism /Pyrimidine metabolism /Metabolic pathways /RNA polymerase,RPOA,DNA-dependent RNA polymerase catalyzes the transcription of DNA into RNA using the four ribonucleoside triphosphates as substrates (By similarity)
b4259,non-essential,Purine metabolism /Pyrimidine metabolism /Metabolic pathways /DNA replication /Mismatch repair /Homologous recombination,HOLC,"dna polymerase iii, chi subunit"
b4262,essential,ABC transporters,YJGQ,permease YjgP YjgQ family protein
b3648,essential,Purine metabolism /Metabolic pathways,GMK,"Essential for recycling GMP and indirectly, cGMP (By similarity)"
b0096,essential,Lipopolysaccharide biosynthesis /Metabolic pathways,LPXC,"Involved in the biosynthesis of lipid A, a phosphorylated glycolipid that anchors the lipopolysaccharide to the outer membrane of the cell (By similarity)"
b1210,essential,Porphyrin and chlorophyll metabolism /Metabolic pathways /Biosynthesis of secondary metabolites,HEMA,Catalyzes the NADPH-dependent reduction of glutamyl- tRNA(Glu) to glutamate 1-semialdehyde (GSA) (By similarity)
b3255,essential,Fatty acid biosynthesis /Pyruvate metabolism /Propanoate metabolism /Metabolic pathways /Biosynthesis of secondary metabolites /Microbial metabolism in diverse environments /Biosynthesis of antibiotics /Carbon metabolism /Fatty acid metabolism,ACCB,"Acetyl-CoA carboxylase, biotin carboxyl carrier protein"
b0188,essential,-,TILS,"Ligates lysine onto the cytidine present at position 34 of the AUA codon-specific tRNA(Ile) that contains the anticodon CAU, in an ATP-dependent manner. Cytidine is converted to lysidine, thus changing the amino acid specificity of the tRNA from methionine to isoleucine (By similarity)"
b2551,non-essential,"Glycine, serine and threonine metabolism /Cyanoamino acid metabolism /Glyoxylate and dicarboxylate metabolism /One carbon pool by folate /Methane metabolism /Metabolic pathways /Biosynthesis of secondary metabolites /Microbial metabolism in diverse environments /Biosynthesis of antibiotics /Carbon metabolism /Biosynthesis of amino acids",GLYA,"Catalyzes the reversible interconversion of serine and glycine with tetrahydrofolate (THF) serving as the one-carbon carrier. This reaction serves as the major source of one-carbon groups required for the biosynthesis of purines, thymidylate, methionine, and other important biomolecules. Also exhibits THF- independent aldolase activity toward beta-hydroxyamino acids, producing glycine and aldehydes, via a retro-aldol mechanism (By similarity)"
b3066,essential,DNA replication,DNAG,DNA primase is the polymerase that synthesizes small RNA primers for the Okazaki fragments on both template strands at replication forks during chromosomal DNA synthesis (By similarity)
b4261,essential,ABC transporters,YJGP,permease YjgP YjgQ family protein
b2231,essential,-,GYRA,"DNA gyrase negatively supercoils closed circular double- stranded DNA in an ATP-dependent manner and also catalyzes the interconversion of other topological isomers of double-stranded DNA rings, including catenanes and knotted rings (By similarity)"
b1807,essential,-,YEAZ,Peptidase M22 Glycoprotease
b2316,essential,Fatty acid biosynthesis /Pyruvate metabolism /Propanoate metabolism /Metabolic pathways /Biosynthesis of secondary metabolites /Microbial metabolism in diverse environments /Biosynthesis of antibiotics /Carbon metabolism /Fatty acid metabolism,ACCD,Component of the acetyl coenzyme A carboxylase (ACC) complex. Biotin carboxylase (BC) catalyzes the carboxylation of biotin on its carrier protein (BCCP) and then the CO(2) group is transferred by the transcarboxylase to acetyl-CoA to form malonyl- CoA (By similarity)
b2925,essential,Glycolysis / Gluconeogenesis /Pentose phosphate pathway /Fructose and mannose metabolism /Methane metabolism /Metabolic pathways /Biosynthesis of secondary metabolites /Microbial metabolism in diverse environments /Biosynthesis of antibiotics /Carbon metabolism /Biosynthesis of amino acids,FBAA,fructose-bisphosphate aldolase
b3303,essential,Ribosome,RPSE,Located at the back of the 30S subunit body where it stabilizes the conformation of the head with respect to the body (By similarity)
b1662,essential,Riboflavin metabolism /Metabolic pathways /Biosynthesis of secondary metabolites,RIBE,"riboflavin synthase, subunit alpha"
b0408,essential,Protein export /Bacterial secretion system,SECD,Part of the Sec protein translocase complex. Interacts with the SecYEG preprotein conducting channel. SecDF uses the proton motive force (PMF) to complete protein translocation after the ATP-dependent function of SecA (By similarity)
b3699,essential,-,GYRB,"DNA gyrase negatively supercoils closed circular double- stranded DNA in an ATP-dependent manner and also catalyzes the interconversion of other topological isomers of double-stranded DNA rings, including catenanes and knotted rings (By similarity)"
b3340,essential,-,FUSA,"Catalyzes the GTP-dependent ribosomal translocation step during translation elongation. During this step, the ribosome changes from the pre-translocational (PRE) to the post- translocational (POST) state as the newly formed A-site-bound peptidyl-tRNA and P-site-bound deacylated tRNA move to the P and E sites, respectively. Catalyzes the coordinated movement of the two tRNA molecules, the mRNA and conformational changes in the ribosome (By similarity)"
b0215,non-essential,Purine metabolism /Pyrimidine metabolism /Metabolic pathways /DNA replication /Mismatch repair /Homologous recombination,DNAQ,"DNA polymerase III, epsilon subunit"
b0175,essential,Glycerophospholipid metabolism /Metabolic pathways /Biosynthesis of secondary metabolites,,Phosphatidate cytidylyltransferase
b2828,essential,-,LGT,Transfers the N-acyl diglyceride group on what will become the N-terminal cysteine of membrane lipoproteins (By similarity)
b0180,essential,Fatty acid biosynthesis /Biotin metabolism /Metabolic pathways /Fatty acid metabolism,FABZ,Involved in unsaturated fatty acids biosynthesis. Catalyzes the dehydration of short chain beta-hydroxyacyl-ACPs and long chain saturated and unsaturated beta-hydroxyacyl-ACPs (By similarity)
b3315,essential,Ribosome,RPLV,"The globular domain of the protein is located near the polypeptide exit tunnel on the outside of the subunit, while an extended beta-hairpin is found that lines the wall of the exit tunnel in the center of the 70S ribosome (By similarity)"
b2568,essential,Quorum sensing /Protein export,LEPB,Signal peptidase I
b3705,essential,Quorum sensing /Protein export /Bacterial secretion system,YIDC,"Required for the insertion and or proper folding and or complex formation of integral membrane proteins into the membrane. Involved in integration of membrane proteins that insert both dependently and independently of the Sec translocase complex, as well as at least some lipoproteins. Aids folding of multispanning membrane proteins (By similarity)"
b0893,essential,Aminoacyl-tRNA biosynthesis,SERS,"Catalyzes the attachment of serine to tRNA(Ser). Is also able to aminoacylate tRNA(Sec) with serine, to form the misacylated tRNA L-seryl-tRNA(Sec), which will be further converted into selenocysteinyl-tRNA(Sec) (By similarity)"
b2779,essential,Glycolysis / Gluconeogenesis /Methane metabolism /Metabolic pathways /Biosynthesis of secondary metabolites /Microbial metabolism in diverse environments /Biosynthesis of antibiotics /Carbon metabolism /Biosynthesis of amino acids /RNA degradation,ENO,Catalyzes the reversible conversion of 2- phosphoglycerate into phosphoenolpyruvate. It is essential for the degradation of carbohydrates via glycolysis (By similarity)
b2235,essential,Purine metabolism /Pyrimidine metabolism /Metabolic pathways,NRDB,"reductase, subunit beta"
b3804,essential,Porphyrin and chlorophyll metabolism /Metabolic pathways /Biosynthesis of secondary metabolites,HEMD,Uroporphyrinogen-III synthase
b3177,non-essential,Folate biosynthesis /Metabolic pathways,FOLP,dihydropteroate synthase
b3189,essential,Amino sugar and nucleotide sugar metabolism /Peptidoglycan biosynthesis /Metabolic pathways,MURA,Cell wall formation. Adds enolpyruvyl to UDP-N- acetylglucosamine (By similarity)
b2530,non-essential,Thiamine metabolism /Metabolic pathways /Sulfur relay system,ISCS,Catalyzes the removal of elemental sulfur from cysteine to produce alanine (By similarity)
b4041,essential,Glycerolipid metabolism /Glycerophospholipid metabolism /Metabolic pathways /Biosynthesis of secondary metabolites,PLSB,glycerol-3-phosphate acyltransferase
b0094,essential,-,FTSA,This protein may be involved in anomalous filament growth. May be a component of the septum (By similarity)
b1740,essential,Nicotinate and nicotinamide metabolism /Metabolic pathways,NADE,NH3-dependent NAD( ) synthetase
b3321,essential,Ribosome,RPSJ,Involved in the binding of tRNA to the ribosomes (By similarity)
b3067,essential,-,RPOD,Sigma factors are initiation factors that promote the attachment of RNA polymerase to specific initiation sites and are then released (By similarity)
b3041,essential,Riboflavin metabolism /Metabolic pathways /Biosynthesis of secondary metabolites,RIBB,"Catalyzes the conversion of D-ribulose 5-phosphate to formate and 3,4-dihydroxy-2-butanone 4-phosphate (By similarity)"
b1133,non-essential,Sulfur relay system,MNMA,"Catalyzes the 2-thiolation of uridine at the wobble position (U34) of tRNA, leading to the formation of s(2)U34 (By similarity)"
b0142,essential,Folate biosynthesis /Metabolic pathways,FOLK,2-amino-4-hydroxy-6-hydroxymethyldihydropteridine pyrophosphokinase
b3461,non-essential,-,RPOH,Sigma factors are initiation factors that promote the attachment of RNA polymerase to specific initiation sites and are then released (By similarity)
b0635,essential,Peptidoglycan biosynthesis /beta-Lactam resistance,MRDA,penicillin-binding protein 2
b3634,essential,Pantothenate and CoA biosynthesis /Metabolic pathways,COAD,"Reversibly transfers an adenylyl group from ATP to 4'- phosphopantetheine, yielding dephospho-CoA (dPCoA) and pyrophosphate (By similarity)"
b1277,essential,Riboflavin metabolism /Metabolic pathways /Biosynthesis of secondary metabolites /Quorum sensing,RIBA,"Catalyzes the conversion of GTP to 2,5-diamino-6- ribosylamino-4(3H)-pyrimidinone 5'-phosphate (DARP), formate and pyrophosphate (By similarity)"
b0930,essential,Aminoacyl-tRNA biosynthesis,ASNS,asparaginyl-tRNA synthetase
b3305,essential,Ribosome,RPLF,"This protein binds to the 23S rRNA, and is important in its secondary structure. It is located near the subunit interface in the base of the L7 L12 stalk, and near the tRNA binding site of the peptidyltransferase center (By similarity)"
b1118,essential,ABC transporters,LOLE,Lipoprotein releasing system transmembrane protein
b0924,essential,-,MUKB,"Plays a central role in chromosome condensation, segregation and cell cycle progression. Functions as a homodimer, which is essential for chromosome partition. Involved in negative DNA supercoiling in vivo, and by this means organize and compact chromosomes. May achieve or facilitate chromosome segregation by condensation DNA from both sides of a centrally located replisome during cell division (By similarity)"
b3835,essential,-,UBIB,"Required, probably indirectly, for the hydroxylation of 2-octaprenylphenol to 2-octaprenyl-6-hydroxy-phenol, the fourth step in ubiquinone biosynthesis (By similarity)"
b3639,essential,Pantothenate and CoA biosynthesis /Metabolic pathways,DFP,Phosphopantothenoylcysteine decarboxylase
b3342,essential,Ribosome,RPSL,"Interacts with and stabilizes bases of the 16S rRNA that are involved in tRNA selection in the A site and with the mRNA backbone. Located at the interface of the 30S and 50S subunits, it traverses the body of the 30S subunit contacting proteins on the other side and probably holding the rRNA structure together. The combined cluster of proteins S8, S12 and S17 appears to hold together the shoulder and platform of the 30S subunit (By similarity)"
b3730,essential,Amino sugar and nucleotide sugar metabolism /Metabolic pathways /Biosynthesis of antibiotics,GLMU,"Catalyzes the last two sequential reactions in the de novo biosynthetic pathway for UDP-N-acetylglucosamine (UDP- GlcNAc). The C-terminal domain catalyzes the transfer of acetyl group from acetyl coenzyme A to glucosamine-1-phosphate (GlcN-1-P) to produce N-acetylglucosamine-1-phosphate (GlcNAc-1-P), which is converted into UDP-GlcNAc by the transfer of uridine 5- monophosphate (from uridine 5-triphosphate), a reaction catalyzed by the N-terminal domain (By similarity)"
b1209,essential,-,LOLB,Plays a critical role in the incorporation of lipoproteins in the outer membrane after they are released by the LolA protein (By similarity)
b2748,essential,-,FTSB,"Essential cell division protein. May link together the upstream cell division proteins, which are predominantly cytoplasmic, with the downstream cell division proteins, which are predominantly periplasmic (By similarity)"
b0169,essential,Ribosome,RPSB,30S ribosomal protein S2
b3967,essential,D-Glutamine and D-glutamate metabolism /Metabolic pathways,MURI,Provides the (R)-glutamate required for cell wall biosynthesis (By similarity)
b2907,non-essential,Ubiquinone and other terpenoid-quinone biosynthesis /Metabolic pathways /Biosynthesis of secondary metabolites,UBIH,hydroxylase
b2515,essential,Terpenoid backbone biosynthesis /Metabolic pathways /Biosynthesis of secondary metabolites /Biosynthesis of antibiotics,ISPG,"Converts 2C-methyl-D-erythritol 2,4-cyclodiphosphate (ME-2,4cPP) into 1-hydroxy-2-methyl-2-(E)-butenyl 4-diphosphate (By similarity)"
b3637,essential,Ribosome,RPMB,50S ribosomal protein L28
b3294,essential,Ribosome,RPLQ,50S ribosomal protein L17
b1204,essential,-,PTH,The natural substrate for this enzyme may be peptidyl- tRNAs which drop off the ribosome during protein synthesis (By similarity)
b3064,essential,-,GCP,Required for the formation of a threonylcarbamoyl group on adenosine at position 37 (t(6)A37) in tRNAs that read codons beginning with adenine (By similarity)
b2478,non-essential,Monobactam biosynthesis /Lysine biosynthesis /Metabolic pathways /Biosynthesis of secondary metabolites /Microbial metabolism in diverse environments /Biosynthesis of antibiotics /Biosynthesis of amino acids,DAPA,Catalyzes the condensation of (S)-aspartate-beta- semialdehyde (S)-ASA and pyruvate to 4-hydroxy- tetrahydrodipicolinate (HTPA) (By similarity)
b0526,essential,Aminoacyl-tRNA biosynthesis,CYSS,cysteinyl-tRNA synthetase
b4142,essential,-,GROS,Binds to Cpn60 in the presence of Mg-ATP and suppresses the ATPase activity of the latter (By similarity)
b0684,essential,-,FLDA,Low-potential electron donor to a number of redox enzymes (By similarity)
b0659,non-essential,-,YBEY,Single strand-specific metallo-endoribonuclease involved in late-stage 70S ribosome quality control and in maturation of the 3' terminus of the 16S rRNA (By similarity)
b3988,essential,Purine metabolism /Pyrimidine metabolism /Metabolic pathways /RNA polymerase,RPOC,DNA-dependent RNA polymerase catalyzes the transcription of DNA into RNA using the four ribonucleoside triphosphates as substrates (By similarity)
b3298,non-essential,Ribosome,RPSM,"Located at the top of the head of the 30S subunit, it contacts several helices of the 16S rRNA. In the 70S ribosome it contacts the 23S rRNA (bridge B1a) and protein L5 of the 50S subunit (bridge B1b), connecting the 2 subunits"
b0083,essential,-,FTSL,"Essential cell division protein. May link together the upstream cell division proteins, which are predominantly cytoplasmic, with the downstream cell division proteins, which are predominantly periplasmic (By similarity)"
b3559,essential,Aminoacyl-tRNA biosynthesis,GLYS,Glycyl-tRNA synthetase beta subunit
b3300,essential,Quorum sensing /Protein export /Bacterial secretion system,SECY,"The central subunit of the protein translocation channel SecYEG. Consists of two halves formed by TMs 1-5 and 6-10. These two domains form a lateral gate at the front which open onto the bilayer between TMs 2 and 7, and are clamped together by SecE at the back. The channel is closed by both a pore ring composed of hydrophobic SecY resides and a short helix (helix 2A) on the extracellular side of the membrane which forms a plug. The plug probably moves laterally to allow the channel to open. The ring and the pore may move independently (By similarity)"
b3935,non-essential,Homologous recombination,PRIA,primosomal protein N''
b1718,essential,-,INFC,"IF-3 binds to the 30S ribosomal subunit and shifts the equilibrum between 70S ribosomes and their 50S and 30S subunits in favor of the free subunits, thus enhancing the availability of 30S subunits on which protein synthesis initiation begins (By similarity)"
b2315,essential,Folate biosynthesis /Metabolic pathways,FOLC,folylpolyglutamate synthase dihydrofolate synthase
b3304,essential,Ribosome,RPLR,"This is one of the proteins that binds and probably mediates the attachment of the 5S RNA into the large ribosomal subunit, where it forms part of the central protuberance (By similarity)"
b0891,essential,-,LOLA,Participates in the translocation of lipoproteins from the inner membrane to the outer membrane. Only forms a complex with a lipoprotein if the residue after the N-terminal Cys is not an aspartate (The Asp acts as a targeting signal to indicate that the lipoprotein should stay in the inner membrane) (By similarity)
b3314,essential,Ribosome,RPSC,"Binds the lower part of the 30S subunit head. Binds mRNA in the 70S ribosome, positioning it for translation (By similarity)"
b1117,essential,ABC transporters,LOLD,"Part of the ABC transporter complex LolCDE involved in the translocation of mature outer membrane-directed lipoproteins, from the inner membrane to the periplasmic chaperone, LolA. Responsible for the formation of the LolA-lipoprotein complex in an ATP-dependent manner (By similarity)"
b3983,non-essential,Ribosome,RPLK,This protein binds directly to 23S ribosomal RNA (By similarity)
b2890,non-essential,Aminoacyl-tRNA biosynthesis,LYSS,lysyl-tRNA synthetase
b1091,non-essential,Fatty acid biosynthesis /Metabolic pathways /Fatty acid metabolism,FABH,Catalyzes the condensation reaction of fatty acid synthesis by the addition to an acyl acceptor of two carbons from malonyl-ACP. Catalyzes the first condensation reaction which initiates fatty acid synthesis and may therefore play a role in governing the total rate of fatty acid production. Possesses both acetoacetyl-ACP synthase and acetyl transacylase activities. Its substrate specificity determines the biosynthesis of branched- chain and or straight-chain of fatty acids (By similarity)
b0177,essential,-,BAMA,"Part of the outer membrane protein assembly complex, which is involved in assembly and insertion of beta-barrel proteins into the outer membrane"
b0923,essential,-,MUKE,"Involved in chromosome condensation, segregation and cell cycle progression. May participate in facilitating chromosome segregation by condensation DNA from both sides of a centrally located replisome during cell division. Probably acts via its interaction with MukB and MukF (By similarity)"
b3987,essential,Purine metabolism /Pyrimidine metabolism /Metabolic pathways /RNA polymerase,RPOB,DNA-dependent RNA polymerase catalyzes the transcription of DNA into RNA using the four ribonucleoside triphosphates as substrates (By similarity)
b0173,essential,Terpenoid backbone biosynthesis /Metabolic pathways /Biosynthesis of secondary metabolites /Biosynthesis of antibiotics,DXR,Catalyzes the NADP-dependent rearrangement and reduction of 1-deoxy-D-xylulose-5-phosphate (DXP) to 2-C-methyl-D-erythritol 4-phosphate (MEP) (By similarity)
b0954,essential,Fatty acid biosynthesis /Metabolic pathways /Fatty acid metabolism,FABA,"Necessary for the introduction of cis unsaturation into fatty acids. Catalyzes the dehydration of (3R)-3-hydroxydecanoyl- ACP to E-(2)-decenoyl-ACP and then its isomerization to Z-(3)- decenoyl-ACP. Can catalyze the dehydratase reaction for beta- hydroxyacyl-ACPs with saturated chain lengths up to 16 0, being most active on intermediate chain length (By similarity)"
b3701,essential,Purine metabolism /Pyrimidine metabolism /Metabolic pathways /DNA replication /Mismatch repair /Homologous recombination,DNAN,"DNA polymerase III is a complex, multichain enzyme responsible for most of the replicative synthesis in bacteria. This DNA polymerase also exhibits 3' to 5' exonuclease activity. The beta chain is required for initiation of replication once it is clamped onto DNA, it slides freely (bidirectional and ATP- independent) along duplex DNA (By similarity)"
b0194,essential,Aminoacyl-tRNA biosynthesis,PROS,"Catalyzes the attachment of proline to tRNA(Pro) in a two-step reaction proline is first activated by ATP to form Pro- AMP and then transferred to the acceptor end of tRNA(Pro). As ProRS can inadvertently accommodate and process non-cognate amino acids such as alanine and cysteine, to avoid such errors it has two additional distinct editing activities against alanine. One activity is designated as 'pretransfer' editing and involves the tRNA(Pro)-independent hydrolysis of activated Ala-AMP. The other activity is designated 'posttransfer' editing and involves deacylation of mischarged Ala-tRNA(Pro). The misacylated Cys- tRNA(Pro) is not edited by ProRS (By similarity)"
b0166,non-essential,Lysine biosynthesis /Metabolic pathways /Microbial metabolism in diverse environments /Biosynthesis of amino acids,DAPD,Tetrahydrodipicolinate N-succinyltransferase
b1211,essential,-,PRFA,Peptide chain release factor 1 directs the termination of translation in response to the peptide chain termination codons UAG and UAA (By similarity)
b1069,essential,Peptidoglycan biosynthesis,MVIN,Integral membrane protein mviN
b3972,essential,Amino sugar and nucleotide sugar metabolism /Peptidoglycan biosynthesis /Metabolic pathways,MURB,Cell wall formation (By similarity)
b0911,essential,Ribosome,RPSA,thus facilitating recognition of the initiation point. It is needed to translate mRNA with a short Shine-Dalgarno (SD) purine-rich sequence (By similarity)
b0641,essential,-,RLPB,Rare lipoprotein B
b0657,essential,-,LNT,Transfers the fatty acyl group on membrane lipoproteins (By similarity)
b3309,essential,Ribosome,RPLX,One of the proteins that surrounds the polypeptide exit tunnel on the outside of the subunit (By similarity)
b3973,essential,Biotin metabolism /Metabolic pathways,BIRA,Biotin-protein ligase
b0470,essential,Purine metabolism /Pyrimidine metabolism /Metabolic pathways /DNA replication /Mismatch repair /Homologous recombination,DNAX,"DNA polymerase III, subunits gamma and tau"
b0103,essential,Pantothenate and CoA biosynthesis /Metabolic pathways,COAE,Catalyzes the phosphorylation of the 3'-hydroxyl group of dephosphocoenzyme A to form coenzyme A (By similarity)
b3058,non-essential,Folate biosynthesis /Metabolic pathways,FOLB,dihydroneopterin aldolase
b3187,essential,Terpenoid backbone biosynthesis /Biosynthesis of secondary metabolites,ISPB,octaprenyl-diphosphate synthase
b4040,essential,Ubiquinone and other terpenoid-quinone biosynthesis /Metabolic pathways /Biosynthesis of secondary metabolites,UBIA,Synthesis of 3-octaprenyl-4-hydroxybenzoate (By similarity)
b2472,non-essential,Lysine biosynthesis /Metabolic pathways /Microbial metabolism in diverse environments /Biosynthesis of amino acids,DAPE,"Catalyzes the hydrolysis of N-succinyl-L,L- diaminopimelic acid (SDAP), forming succinate and LL-2,6- diaminoheptanedioate (DAP), an intermediate involved in the bacterial biosynthesis of lysine and meso-diaminopimelic acid, an essential component of bacterial cell walls (By similarity)"
b4162,essential,-,ORN,3'-to-5' exoribonuclease specific for small oligoribonucleotides (By similarity)
b0116,non-essential,"Glycolysis / Gluconeogenesis /Citrate cycle (TCA cycle) /Glycine, serine and threonine metabolism /Valine, leucine and isoleucine degradation /Pyruvate metabolism /Glyoxylate and dicarboxylate metabolism /Propanoate metabolism /Metabolic pathways /Biosynthesis of secondary metabolites /Microbial metabolism in diverse environments /Biosynthesis of antibiotics /Carbon metabolism",LPDA,dihydrolipoyl dehydrogenase
b1716,essential,Ribosome,RPLT,Binds directly to 23S ribosomal RNA and is necessary for the in vitro assembly process of the 50S ribosomal subunit. It is not involved in the protein synthesizing functions of that subunit (By similarity)
b0420,essential,Thiamine metabolism /Terpenoid backbone biosynthesis /Metabolic pathways /Biosynthesis of secondary metabolites /Biosynthesis of antibiotics,DXS,Catalyzes the acyloin condensation reaction between C atoms 2 and 3 of pyruvate and glyceraldehyde 3-phosphate to yield 1-deoxy-D-xylulose-5-phosphate (DXP) (By similarity)
b0182,essential,Lipopolysaccharide biosynthesis /Metabolic pathways,LPXB,"Condensation of UDP-2,3-diacylglucosamine and 2,3- diacylglucosamine-1-phosphate to form lipid A disaccharide, a precursor of lipid A, a phosphorylated glycolipid that anchors the lipopolysaccharide to the outer membrane of the cell (By similarity)"
b3433,essential,"Glycine, serine and threonine metabolism /Monobactam biosynthesis /Cysteine and methionine metabolism /Lysine biosynthesis /Metabolic pathways /Biosynthesis of secondary metabolites /Microbial metabolism in diverse environments /Biosynthesis of antibiotics /2-Oxocarboxylic acid metabolism /Biosynthesis of amino acids",ASD,Catalyzes the NADPH-dependent formation of L-aspartate- semialdehyde (L-ASA) by the reductive dephosphorylation of L- aspartyl-4-phosphate (By similarity)
b2608,non-essential,-,RIMM,"An accessory protein needed during the final step in the assembly of 30S ribosomal subunit, possibly for assembly of the head region. Probably interacts with S19. Essential for efficient processing of 16S rRNA. May be needed both before and after RbfA during the maturation of 16S rRNA. It has affinity for free ribosomal 30S subunits but not for 70S ribosomes (By similarity)"
b1912,essential,Glycerophospholipid metabolism /Metabolic pathways,PGSA,CDP-diacylglycerol-glycerol-3-phosphate 3-phosphatidyltransferase
b2567,non-essential,-,RNC,"Digests double-stranded RNA. Involved in the processing of primary rRNA transcript to yield the immediate precursors to the large and small rRNAs (23S and 16S). Also processes some mRNAs, and tRNAs when they are encoded in the rRNA operon (By similarity)"
b2411,essential,DNA replication /Base excision repair /Nucleotide excision repair /Mismatch repair,LIGA,DNA ligase that catalyzes the formation of phosphodiester linkages between 5'-phosphoryl and 3'-hydroxyl groups in double-stranded DNA using NAD as a coenzyme and as the energy source for the reaction. It is essential for DNA replication and repair of damaged DNA (By similarity)
b2311,non-essential,Ubiquinone and other terpenoid-quinone biosynthesis /Metabolic pathways /Biosynthesis of secondary metabolites,UBIX,3-octaprenyl-4-hydroxybenzoate carboxy-lyase
b3863,essential,Purine metabolism /Pyrimidine metabolism /Metabolic pathways /DNA replication /Base excision repair /Nucleotide excision repair /Homologous recombination,POLA,Dna polymerase I
b3850,essential,Porphyrin and chlorophyll metabolism /Metabolic pathways /Biosynthesis of secondary metabolites,HEMG,Protoporphyrinogen oxidase
b0029,essential,Terpenoid backbone biosynthesis /Metabolic pathways /Biosynthesis of secondary metabolites /Biosynthesis of antibiotics,ISPH,Converts 1-hydroxy-2-methyl-2-(E)-butenyl 4-diphosphate into isopentenyl diphosphate (IPP) and dimethylallyl diphosphate (DMAPP) (By similarity)
b0628,non-essential,Lipoic acid metabolism /Metabolic pathways,LIPA,"Catalyzes the radical-mediated insertion of two sulfur atoms into the C-6 and C-8 positions of the octanoyl moiety bound to the lipoyl domains of lipoate-dependent enzymes, thereby converting the octanoylated domains into lipoylated derivatives (By similarity)"
b2234,essential,Purine metabolism /Pyrimidine metabolism /Metabolic pathways,NRDA,Provides the precursors necessary for DNA synthesis. Catalyzes the biosynthesis of deoxyribonucleotides from the corresponding ribonucleotides (By similarity)
b2595,essential,-,BAMD,"Part of the outer membrane protein assembly complex, which is involved in assembly and insertion of beta-barrel proteins into the outer membrane"
b2496,non-essential,-,HDA,"Mediates the interaction of DNA replication inititator protein DnaA with DNA polymerase subunit beta sliding clamp (dnaN). Stimulates hydrolysis of ATP-DnaA to ADP-DnaA, rendering DnaA inactive for reinititation, a process called regulatory inhibition of DnaA or RIDA (By similarity)"
b2898,non-essential,-,YGFZ,"Folate-binding protein involved in regulating the level of ATP-DnaA and in the modification of some tRNAs. It is probably a key factor in regulatory networks that act via tRNA modification, such as initiation of chromosomal replication (By similarity)"
b3311,non-essential,Ribosome,RPSQ,"One of the primary rRNA binding proteins, it binds specifically to the 5'-end of 16S ribosomal"
b3183,essential,-,OBG,"An essential GTPase which binds GTP, GDP and possibly (p)ppGpp with moderate affinity, with high nucleotide exchange rates and a fairly low GTP hydrolysis rate. It may play a role in control of the cell cycle, stress response, ribosome biogenesis and in those bacteria that undergo differentiation, in morphogenesis control (By similarity)"
b2609,essential,Ribosome,RPSP,30s ribosomal protein s16
b0090,essential,Peptidoglycan biosynthesis /Metabolic pathways /Vancomycin resistance,MURG,Cell wall formation. Catalyzes the transfer of a GlcNAc subunit on undecaprenyl-pyrophosphoryl-MurNAc-pentapeptide (lipid intermediate I) to form undecaprenyl-pyrophosphoryl-MurNAc- (pentapeptide)GlcNAc (lipid intermediate II) (By similarity)
b3186,essential,Ribosome,RPLU,This protein binds to 23S rRNA in the presence of protein L20 (By similarity)
b3065,essential,Ribosome,RPSU,30S ribosomal protein S21
b2615,essential,Nicotinate and nicotinamide metabolism /Metabolic pathways,PPNK,Catalyzes the phosphorylation of NAD to NADP. Utilizes ATP and other nucleoside triphosphates as well as inorganic polyphosphate as a source of phosphorus (By similarity)
b0416,non-essential,-,NUSB,Involved in the transcription termination process (By similarity)
b1145,essential,-,COHE,repressor
b1876,essential,Aminoacyl-tRNA biosynthesis,ARGS,arginyl-tRNa synthetase
b3464,essential,Quorum sensing /Protein export /Bacterial secretion system,FTSY,"Involved in targeting and insertion of nascent membrane proteins into the cytoplasmic membrane. Acts as a receptor for the complex formed by the signal recognition particle (SRP) and the ribosome-nascent chain (RNC). Interaction with SRP-RNC leads to the transfer of the RNC complex to the Sec translocase for insertion into the membrane, the hydrolysis of GTP by both Ffh and FtsY, and the dissociation of the SRP-FtsY complex into the individual components (By similarity)"
b3302,essential,Ribosome,RPMD,50S ribosomal protein L30
b2891,essential,-,PRFB,Peptide chain release factor 2 directs the termination of translation in response to the peptide chain termination codons UGA and UAA (By similarity)
b2114,essential,Selenocompound metabolism /Aminoacyl-tRNA biosynthesis,METG,Is required not only for elongation of protein synthesis but also for the initiation of all mRNA translation through initiator tRNA(fMet) aminoacylation (By similarity)
b0474,essential,Purine metabolism /Metabolic pathways /Biosynthesis of secondary metabolites /Biosynthesis of antibiotics,ADK,Catalyzes the reversible transfer of the terminal phosphate group between ATP and AMP. Plays an important role in cellular energy homeostasis and in adenine nucleotide metabolism (By similarity)
b4200,non-essential,Ribosome,RPSF,Binds together with S18 to 16S ribosomal RNA (By similarity)
b3984,non-essential,Ribosome,RPLA,"Binds directly to 23S rRNA. The L1 stalk is quite mobile in the ribosome, and is involved in E site tRNA release (By similarity)"
b2323,essential,Fatty acid biosynthesis /Biotin metabolism /Metabolic pathways /Fatty acid metabolism,FABB,Catalyzes the condensation reaction of fatty acid synthesis by the addition to an acyl acceptor of two carbons from malonyl-ACP (By similarity)
b3251,essential,-,MREB,Rod shape-determining protein mreb
b2559,essential,-,TADA,deaminase
b0409,essential,Protein export /Bacterial secretion system,SECF,Part of the Sec protein translocase complex. Interacts with the SecYEG preprotein conducting channel. SecDF uses the proton motive force (PMF) to complete protein translocation after the ATP-dependent function of SecA (By similarity)
b0642,essential,Aminoacyl-tRNA biosynthesis,LEUS,Leucyl-tRNA synthetase
b4361,essential,-,DNAC,dna replication protein
b3608,essential,Glycerophospholipid metabolism /Biosynthesis of secondary metabolites,GPSA,NAD(P)H-dependent glycerol-3-phosphate dehydrogenase
b1094,essential,-,ACPP,Carrier of the growing fatty acid chain in fatty acid biosynthesis (By similarity)
b3288,essential,One carbon pool by folate /Aminoacyl-tRNA biosynthesis,FMT,Modifies the free amino group of the aminoacyl moiety of methionyl-tRNA(fMet). The formyl group appears to play a dual role in the initiator identity of N-formylmethionyl-tRNA by (I) promoting its recognition by IF2 and (II) impairing its binding to EFTu-GTP (By similarity)
b0634,essential,-,MRDB,rod shape-determining protein RodA
b2563,essential,Pantothenate and CoA biosynthesis,ACPS,Transfers the 4'-phosphopantetheine moiety from coenzyme A to a Ser of acyl-carrier-protein (By similarity)
b0184,essential,Purine metabolism /Pyrimidine metabolism /Metabolic pathways /DNA replication /Mismatch repair /Homologous recombination,DNAE,"DNA polymerase III, subunit alpha"
b2514,essential,Aminoacyl-tRNA biosynthesis,HISS,histidyl-tRNA synthetase
b3306,essential,Ribosome,RPSH,"One of the primary rRNA binding proteins, it binds directly to 16S rRNA central domain where it helps coordinate assembly of the platform of the 30S subunit (By similarity)"
b1713,essential,Aminoacyl-tRNA biosynthesis,PHET,phenylalanyl-tRNA synthetase beta subunit
b3982,essential,-,NUSG,"Participates in transcription elongation, termination and antitermination (By similarity)"
b0025,essential,Riboflavin metabolism /Metabolic pathways /Biosynthesis of secondary metabolites,RIBF,riboflavin biosynthesis protein ribF
b0093,essential,-,FTSQ,"Essential cell division protein. May link together the upstream cell division proteins, which are predominantly cytoplasmic, with the downstream cell division proteins, which are predominantly periplasmic. May control correct divisome assembly (By similarity)"
b3301,essential,Ribosome,RPLO,Binds to the 23S rRNA (By similarity)
b0026,essential,Aminoacyl-tRNA biosynthesis,ILES,"amino acids such as valine, to avoid such errors it has two additional distinct tRNA(Ile)-dependent editing activities. One activity is designated as 'pretransfer' editing and involves the hydrolysis of activated Val-AMP. The other activity is designated 'posttransfer' editing and involves deacylation of mischarged Val-tRNA(Ile) (By similarity)"
b0170,essential,-,TSF,Associates with the EF-Tu.GDP complex and induces the exchange of GDP to GTP. It remains bound to the aminoacyl-tRNA.EF- Tu.GTP complex up to the GTP hydrolysis stage on the ribosome (By similarity)
b2607,essential,-,TRMD,Specifically methylates guanosine-37 in various tRNAs (By similarity)
b3201,essential,ABC transporters,LPTB,abc transporter atp-binding protein
b0174,essential,Terpenoid backbone biosynthesis /Biosynthesis of secondary metabolites,UPPS,"Catalyzes the sequential condensation of isopentenyl diphosphate (IPP) with (2E,6E)-farnesyl diphosphate (E,E-FPP) to yield (2Z,6Z,10Z,14Z,18Z,22Z,26Z,30Z,34E,38E)-undecaprenyl diphosphate (di-trans,octa-cis-UPP). UPP is the precursor of glycosyl carrier lipid in the biosynthesis of bacterial cell wall polysaccharide components such as peptidoglycan and lipopolysaccharide (By similarity)"
b2585,essential,"Glycine, serine and threonine metabolism /Glycerophospholipid metabolism /Metabolic pathways /Biosynthesis of secondary metabolites",PSSA,Phosphatidylserine synthase
b3865,essential,-,ENGB,Necessary for normal cell division and for the maintenance of normal septation (By similarity)
b3703,essential,Ribosome,RPMH,50s ribosomal protein l34
b4362,non-essential,Homologous recombination,DNAT,"it is also involved in inducing stable DNA replication during SOS response. It forms, in concert with DnaB protein and other prepriming proteins DnaC, N, N', N'' a prepriming protein complex on the specific site of the template DNA recognized by protein N' (By similarity)"
b2566,essential,-,ERA,"An essential GTPase that binds both GDP and GTP, with rapid nucleotide exchange. Plays a role in 16S rRNA processing and 30S ribosomal subunit biogenesis and possibly also in cell cycle regulation and energy metabolism (By similarity)"
b0095,essential,-,FTSZ,Essential cell division protein that forms a contractile ring structure (Z ring) at the future cell division site. The regulation of the ring assembly controls the timing and the location of cell division. One of the functions of the FtsZ ring is to recruit other cell division proteins to the septum to produce a new cell wall between the dividing cells. Binds GTP and shows GTPase activity (By similarity)
b0087,essential,Peptidoglycan biosynthesis /Metabolic pathways /Vancomycin resistance,MRAY,First step of the lipid cycle reactions in the biosynthesis of the cell wall peptidoglycan (By similarity)
b4143,essential,RNA degradation,GROL,Prevents misfolding and promotes the refolding and proper assembly of unfolded polypeptides generated under stress conditions (By similarity)
b1288,essential,Fatty acid biosynthesis /Biotin metabolism /Metabolic pathways /Fatty acid metabolism,FABI,Enoyl- acyl-carrier-protein reductase NADH
b3729,essential,"Alanine, aspartate and glutamate metabolism /Amino sugar and nucleotide sugar metabolism /Metabolic pathways /Biosynthesis of antibiotics",GLMS,"Catalyzes the first step in hexosamine metabolism, converting fructose-6P into glucosamine-6P using glutamine as a nitrogen source (By similarity)"
b3341,essential,Ribosome,RPSG,"One of the primary rRNA binding proteins, it binds directly to 16S rRNA where it nucleates assembly of the head domain of the 30S subunit. Is located at the subunit interface close to the decoding center, probably blocks exit of the E-site tRNA (By similarity)"
b0414,essential,Riboflavin metabolism /Metabolic pathways /Biosynthesis of secondary metabolites /Quorum sensing,RIBD,"Converts 2,5-diamino-6-(ribosylamino)-4(3h)-pyrimidinone 5'-phosphate into 5-amino-6-(ribosylamino)-2,4(1h,3h)- pyrimidinedione 5'-phosphate (By similarity)"
b3169,essential,-,NUSA,Transcription elongation factor NusA
b3320,essential,Ribosome,RPLC,"One of the primary rRNA binding proteins, it binds directly near the 3'-end of the 23S rRNA, where it nucleates assembly of the 50S subunit (By similarity)"
b2942,essential,Cysteine and methionine metabolism /Metabolic pathways /Biosynthesis of secondary metabolites /Biosynthesis of amino acids,METK,"Catalyzes the formation of S-adenosylmethionine from methionine and ATP. The overall synthetic reaction is composed of two sequential steps, AdoMet formation and the subsequent tripolyphosphate hydrolysis which occurs prior to release of AdoMet from the enzyme (By similarity)"
b0369,essential,Porphyrin and chlorophyll metabolism /Metabolic pathways /Biosynthesis of secondary metabolites,HEMB,delta-aminolevulinic acid dehydratase
b2153,non-essential,Folate biosynthesis /Metabolic pathways,FOLE,GTP cyclohydrolase I
b1714,essential,Aminoacyl-tRNA biosynthesis,PHES,Phenylalanyl-tRNA synthetase alpha subunit
